INSERT INTO members (user_id, role, user_name, user_password, email_id, email_domain, gender, birth, join_date) VALUES
('ssafy', 'USER', '김싸피', '1234', 'ssafy', 'ssafy.com', 1, '1990-01-01', '2024-01-01 00:00:00'),
('admin', 'ADMIN', '관리자', '1234', 'admin', 'ssafy.com', 0, '1985-12-31', '2024-01-01 00:00:00'),
('gildong', 'USER', '홍길동', '1234', 'hong', 'gmail.com', 1, '1995-03-15', '2024-02-01 10:00:00'),
('triplover', 'USER', '김여행', '1234', 'travel', 'naver.com', 0, '1992-07-22', '2024-02-05 11:30:00'),
('gugyeong', 'USER', '이구경', '1234', 'lee', 'kakao.com', 1, '1988-11-30', '2024-02-10 09:15:00'),
('tour0930', 'USER', '박투어', '1234', 'park', 'gmail.com', 0, '1993-04-18', '2024-02-15 14:20:00'),
('traveling', 'USER', '정여행', '1234', 'jung', 'naver.com', 1, '1991-09-25', '2024-02-20 16:45:00'),
('happy123', 'USER', '황수비', '1234', 'hwang', 'naver.com', 1, '1991-09-25', '2024-02-20 16:45:00'),
('gooddayman', 'USER', '김재웅', '1234', 'kim', 'naver.com', 1, '1991-09-25', '2024-02-20 16:45:00'),
('superpower', 'USER', '최대규', '1234', 'choi', 'naver.com', 1, '1991-09-25', '2024-02-20 16:45:00'),
('hellogirl', 'USER', '조유정', '1234', 'cho', 'naver.com', 1, '1991-09-25', '2024-02-20 16:45:00');

-- 10대 (2005-2014년생)
INSERT INTO members (user_id, role, user_name, user_password, email_id, email_domain, gender, birth, join_date) VALUES
('teen1', 'USER', '김청소년', '1234', 'teen1', 'gmail.com', 1, '2005-03-15', '2024-03-01 09:00:00'),
('teen2', 'USER', '이십대', '1234', 'teen2', 'naver.com', 0, '2006-06-22', '2024-03-02 10:30:00'),
('teen3', 'USER', '박열여덟', '1234', 'teen3', 'kakao.com', 1, '2007-08-11', '2024-03-03 11:15:00'),
('teen4', 'USER', '정열일곱', '1234', 'teen4', 'daum.net', 0, '2008-11-25', '2024-03-04 13:20:00'),
('teen5', 'USER', '최열여섯', '1234', 'teen5', 'yahoo.com', 1, '2009-12-30', '2024-03-05 14:45:00');

-- 20대 (1995-2004년생)
INSERT INTO members (user_id, role, user_name, user_password, email_id, email_domain, gender, birth, join_date) VALUES
('young1', 'USER', '김이십', '1234', 'young1', 'gmail.com', 0, '1995-02-14', '2024-03-06 09:00:00'),
('young2', 'USER', '이스물셋', '1234', 'young2', 'naver.com', 1, '1996-05-21', '2024-03-07 10:30:00'),
('young3', 'USER', '박이십오', '1234', 'young3', 'kakao.com', 0, '1997-07-18', '2024-03-08 11:15:00'),
('young4', 'USER', '정스물일곱', '1234', 'young4', 'daum.net', 1, '1998-09-22', '2024-03-09 13:20:00'),
('young5', 'USER', '최이십아홉', '1234', 'young5', 'yahoo.com', 0, '1999-12-31', '2024-03-10 14:45:00');

-- 30대 (1985-1994년생)
INSERT INTO members (user_id, role, user_name, user_password, email_id, email_domain, gender, birth, join_date) VALUES
('thirty1', 'USER', '김서른', '1234', 'thirty1', 'gmail.com', 1, '1985-01-10', '2024-03-11 09:00:00'),
('thirty2', 'USER', '이서른둘', '1234', 'thirty2', 'naver.com', 0, '1986-04-15', '2024-03-12 10:30:00'),
('thirty3', 'USER', '박서른다섯', '1234', 'thirty3', 'kakao.com', 1, '1987-06-20', '2024-03-13 11:15:00'),
('thirty4', 'USER', '정서른일곱', '1234', 'thirty4', 'daum.net', 0, '1988-08-25', '2024-03-14 13:20:00'),
('thirty5', 'USER', '최서른아홉', '1234', 'thirty5', 'yahoo.com', 1, '1989-11-30', '2024-03-15 14:45:00');

-- 40대 (1975-1984년생)
INSERT INTO members (user_id, role, user_name, user_password, email_id, email_domain, gender, birth, join_date) VALUES
('forty1', 'USER', '김마흔', '1234', 'forty1', 'gmail.com', 0, '1975-01-05', '2024-03-16 09:00:00'),
('forty2', 'USER', '이마흔둘', '1234', 'forty2', 'naver.com', 1, '1976-03-12', '2024-03-17 10:30:00'),
('forty3', 'USER', '박마흔다섯', '1234', 'forty3', 'kakao.com', 0, '1977-05-18', '2024-03-18 11:15:00'),
('forty4', 'USER', '정마흔일곱', '1234', 'forty4', 'daum.net', 1, '1978-07-23', '2024-03-19 13:20:00'),
('forty5', 'USER', '최마흔아홉', '1234', 'forty5', 'yahoo.com', 0, '1979-09-28', '2024-03-20 14:45:00');

-- 50대 (1965-1974년생)
INSERT INTO members (user_id, role, user_name, user_password, email_id, email_domain, gender, birth, join_date) VALUES
('fifty1', 'USER', '김쉰', '1234', 'fifty1', 'gmail.com', 1, '1965-01-01', '2024-03-21 09:00:00'),
('fifty2', 'USER', '이쉰둘', '1234', 'fifty2', 'naver.com', 0, '1966-02-08', '2024-03-22 10:30:00'),
('fifty3', 'USER', '박쉰다섯', '1234', 'fifty3', 'kakao.com', 1, '1967-04-15', '2024-03-23 11:15:00'),
('fifty4', 'USER', '정쉰일곱', '1234', 'fifty4', 'daum.net', 0, '1968-06-20', '2024-03-24 13:20:00'),
('fifty5', 'USER', '최쉰아홉', '1234', 'fifty5', 'yahoo.com', 1, '1969-08-25', '2024-03-25 14:45:00');

-- 60대 (1955-1964년생)
INSERT INTO members (user_id, role, user_name, user_password, email_id, email_domain, gender, birth, join_date) VALUES
('sixty1', 'USER', '김예순', '1234', 'sixty1', 'gmail.com', 0, '1955-01-01', '2024-03-26 09:00:00'),
('sixty2', 'USER', '이예순둘', '1234', 'sixty2', 'naver.com', 1, '1956-02-05', '2024-03-27 10:30:00'),
('sixty3', 'USER', '박예순다섯', '1234', 'sixty3', 'kakao.com', 0, '1957-03-10', '2024-03-28 11:15:00'),
('sixty4', 'USER', '정예순일곱', '1234', 'sixty4', 'daum.net', 1, '1958-04-15', '2024-03-29 13:20:00'),
('sixty5', 'USER', '최예순아홉', '1234', 'sixty5', 'yahoo.com', 0, '1959-05-20', '2024-03-30 14:45:00');

-- Messages 테이블 더미 데이터
INSERT INTO messages (sender_id, receiver_id, content) VALUES
('gildong', 'triplover', '여행 계획 잘 보았어요!'),
('triplover', 'gildong', '감사합니다 :)'),
('gugyeong', 'gildong', '다음에 같이 여행 가요'),
('tour0930', 'traveling', '강원도 여행 정보 공유해주세요'),
('traveling', 'tour0930', '네, 좋은 정보 공유하겠습니다');


-- Follows 테이블 추가 더미 데이터
INSERT INTO follows (follower_id, following_id, created_at) VALUES
-- gildong 팔로우
('gildong', 'tour0930', '2024-02-07 10:00:00'),
('gildong', 'traveling', '2024-02-07 11:00:00'),
('gildong', 'ssafy', '2024-02-08 09:00:00'),

-- triplover 팔로우
('triplover', 'gugyeong', '2024-02-08 10:00:00'),
('triplover', 'tour0930', '2024-02-08 11:00:00'),
('triplover', 'traveling', '2024-02-08 12:00:00'),
('triplover', 'ssafy', '2024-02-09 09:00:00'),

-- gugyeong 팔로우
('gugyeong', 'triplover', '2024-02-09 10:00:00'),
('gugyeong', 'tour0930', '2024-02-09 11:00:00'),
('gugyeong', 'traveling', '2024-02-09 12:00:00'),
('gugyeong', 'ssafy', '2024-02-10 09:00:00'),

-- tour0930 팔로우
('tour0930', 'triplover', '2024-02-10 10:00:00'),
('tour0930', 'gugyeong', '2024-02-10 11:00:00'),
('tour0930', 'traveling', '2024-02-10 12:00:00'),
('tour0930', 'ssafy', '2024-02-11 09:00:00'),

-- traveling 팔로우
('traveling', 'triplover', '2024-02-11 10:00:00'),
('traveling', 'gugyeong', '2024-02-11 11:00:00'),
('traveling', 'tour0930', '2024-02-11 12:00:00'),
('traveling', 'ssafy', '2024-02-12 09:00:00'),

-- ssafy의 팔로우
('ssafy', 'gildong', '2024-02-12 10:00:00'),
('ssafy', 'triplover', '2024-02-12 11:00:00'),
('ssafy', 'gugyeong', '2024-02-12 12:00:00'),
('ssafy', 'tour0930', '2024-02-13 09:00:00'),
('ssafy', 'traveling', '2024-02-13 10:00:00');

-- keywordhistories
-- ssafy 사용자의 검색 기록
INSERT INTO keywordhistories (history_id, user_id, keyword) VALUES
(1, 'ssafy', '제주도 여행'),
(2, 'ssafy', '부산 맛집'),
(3, 'ssafy', '강릉 카페'),
(4, 'ssafy', '서울 호텔'),
(5, 'ssafy', '여수 밤바다'),
(6, 'ssafy', '경주 한옥마을'),
(7, 'ssafy', '통영 케이블카'),
(8, 'ssafy', '속초 주차장'),
(9, 'ssafy', '전주 한옥마을'),
(10, 'ssafy', '해운대 숙소');

-- admin 사용자의 검색 기록
INSERT INTO keywordhistories (history_id, user_id, keyword) VALUES
(11, 'admin', '관광지 통계'),
(12, 'admin', '여행 트렌드'),
(13, 'admin', '관광객 현황'),
(14, 'admin', '숙박업소 현황'),
(15, 'admin', '관광 정책'),
(16, 'admin', '여행 산업'),
(17, 'admin', '관광지 순위'),
(18, 'admin', '외국인 관광'),
(19, 'admin', '관광 수입'),
(20, 'admin', '여행사 목록');

-- gildong 사용자의 검색 기록
INSERT INTO keywordhistories (history_id, user_id, keyword) VALUES
(21, 'gildong', '등산 코스'),
(22, 'gildong', '북한산 등산'),
(23, 'gildong', '지리산 숙소'),
(24, 'gildong', '설악산 케이블카'),
(25, 'gildong', '한라산 날씨'),
(26, 'gildong', '덕유산 단풍'),
(27, 'gildong', '소백산 주차'),
(28, 'gildong', '치악산 맛집'),
(29, 'gildong', '월출산 코스'),
(30, 'gildong', '관악산 등산');

-- triplover 사용자의 검색 기록
INSERT INTO keywordhistories (history_id, user_id, keyword) VALUES
(31, 'triplover', '해외여행 준비물'),
(32, 'triplover', '방콕 호텔'),
(33, 'triplover', '오사카 맛집'),
(34, 'triplover', '파리 에펠탑'),
(35, 'triplover', '런던 관광'),
(36, 'triplover', '뉴욕 브로드웨이'),
(37, 'triplover', '로마 콜로세움'),
(38, 'triplover', '베니스 곤돌라'),
(39, 'triplover', '바르셀로나 투어'),
(40, 'triplover', '두바이 호텔');

-- gugyeong 사용자의 검색 기록
INSERT INTO keywordhistories (history_id, user_id, keyword) VALUES
(41, 'gugyeong', '박물관 전시'),
(42, 'gugyeong', '미술관 관람'),
(43, 'gugyeong', '전시회 일정'),
(44, 'gugyeong', '현대미술관'),
(45, 'gugyeong', '국립중앙박물관'),
(46, 'gugyeong', '예술의전당'),
(47, 'gugyeong', '디뮤지엄'),
(48, 'gugyeong', '과천과학관'),
(49, 'gugyeong', '민속박물관'),
(50, 'gugyeong', '서울역사박물관');

-- tour0930 사용자의 검색 기록
INSERT INTO keywordhistories (history_id, user_id, keyword) VALUES
(51, 'tour0930', '축제 일정'),
(52, 'tour0930', '보령 머드축제'),
(53, 'tour0930', '진주 남강유등축제'),
(54, 'tour0930', '화천 산천어축제'),
(55, 'tour0930', '당진 왜목마을축제'),
(56, 'tour0930', '안동 탈춤페스티벌'),
(57, 'tour0930', '김제 지평선축제'),
(58, 'tour0930', '강진 청자축제'),
(59, 'tour0930', '춘천 마임축제'),
(60, 'tour0930', '광주 김치축제');

-- traveling 사용자의 검색 기록
INSERT INTO keywordhistories (history_id, user_id, keyword) VALUES
(61, 'traveling', '캠핑장 예약'),
(62, 'traveling', '글램핑 추천'),
(63, 'traveling', '차박 명소'),
(64, 'traveling', '캠핑 용품'),
(65, 'traveling', '오토캠핑장'),
(66, 'traveling', '바다 캠핑'),
(67, 'traveling', '산림 캠핑'),
(68, 'traveling', '캠핑 음식'),
(69, 'traveling', '겨울 캠핑'),
(70, 'traveling', '캠핑카 대여');

-- 10대 사용자들의 검색 기록
-- teen1의 검색 기록 (71-80)
INSERT INTO keywordhistories (history_id, user_id, keyword) VALUES
(71, 'teen1', '방탄소년단 콘서트'),
(72, 'teen1', '인스타 명소'),
(73, 'teen1', '롯데월드 자유이용권'),
(74, 'teen1', '에버랜드 할인'),
(75, 'teen1', '홍대 맛집'),
(76, 'teen1', '강남 카페'),
(77, 'teen1', '스터디카페'),
(78, 'teen1', '한강 피크닉'),
(79, 'teen1', '망원동 카페거리'),
(80, 'teen1', '청계천 데이트');

-- teen2의 검색 기록 (81-90)
INSERT INTO keywordhistories (history_id, user_id, keyword) VALUES
(81, 'teen2', '동대문 쇼핑'),
(82, 'teen2', '명동 코스메틱'),
(83, 'teen2', '아이돌 박물관'),
(84, 'teen2', '부산 영화의전당'),
(85, 'teen2', '제주 카페투어'),
(86, 'teen2', '경주 한복대여'),
(87, 'teen2', '전주 청년몰'),
(88, 'teen2', '가로수길 맛집'),
(89, 'teen2', '부산 서면 쇼핑'),
(90, 'teen2', '춘천 닭갈비골목');

-- teen3의 검색 기록 (91-100)
INSERT INTO keywordhistories (history_id, user_id, keyword) VALUES
(91, 'teen3', '유튜브 촬영장소'),
(92, 'teen3', '비디오 촬영명소'),
(93, 'teen3', '카메라 대여'),
(94, 'teen3', '인생샷 스팟'),
(95, 'teen3', 'SNS 명소'),
(96, 'teen3', '포토존 추천'),
(97, 'teen3', '셀카 명소'),
(98, 'teen3', '야경 촬영'),
(99, 'teen3', '드론 촬영지'),
(100, 'teen3', '틱톡 촬영');

-- teen4의 검색 기록 (101-110)
INSERT INTO keywordhistories (history_id, user_id, keyword) VALUES
(101, 'teen4', '게임방 추천'),
(102, 'teen4', 'VR체험장'),
(103, 'teen4', '방탈출카페'),
(104, 'teen4', '보드게임카페'),
(105, 'teen4', '노래방 할인'),
(106, 'teen4', 'PC방 추천'),
(107, 'teen4', '당일치기 여행'),
(108, 'teen4', '전시회 학생할인'),
(109, 'teen4', '스케이트장'),
(110, 'teen4', '볼링장');

-- teen5의 검색 기록 (111-120)
INSERT INTO keywordhistories (history_id, user_id, keyword) VALUES
(111, 'teen5', '독서실 추천'),
(112, 'teen5', '도서관 위치'),
(113, 'teen5', '스터디룸'),
(114, 'teen5', '과학관 체험'),
(115, 'teen5', '영어도서관'),
(116, 'teen5', '청소년수련관'),
(117, 'teen5', '문화센터'),
(118, 'teen5', '학원가 맛집'),
(119, 'teen5', '청소년 할인'),
(120, 'teen5', '독서실 24시');

-- 20대 사용자들의 검색 기록
-- young1의 검색 기록 (121-130)
INSERT INTO keywordhistories (history_id, user_id, keyword) VALUES
(121, 'young1', '와인바 추천'),
(122, 'young1', '루프탑 바'),
(123, 'young1', '칵테일 클래스'),
(124, 'young1', '브런치 카페'),
(125, 'young1', '데이트 코스'),
(126, 'young1', '인생샷 카페'),
(127, 'young1', '분위기 좋은 펍'),
(128, 'young1', '연남동 맛집'),
(129, 'young1', '술집 추천'),
(130, 'young1', '이색데이트');

-- young2의 검색 기록 (131-140)
INSERT INTO keywordhistories (history_id, user_id, keyword) VALUES
(131, 'young2', '제주도 게스트하우스'),
(132, 'young2', '부산 호스텔'),
(133, 'young2', '강릉 펜션'),
(134, 'young2', '서울 파티룸'),
(135, 'young2', '홍대 놀거리'),
(136, 'young2', '이태원 클럽'),
(137, 'young2', '강남 노래방'),
(138, 'young2', '파티 대관'),
(139, 'young2', '클럽 파티'),
(140, 'young2', '모임장소 추천');

-- 30대 사용자들의 검색 기록
-- thirty1의 검색 기록 (141-150)
INSERT INTO keywordhistories (history_id, user_id, keyword) VALUES
(141, 'thirty1', '힐링여행'),
(142, 'thirty1', '호캉스 추천'),
(143, 'thirty1', '스파 리조트'),
(144, 'thirty1', '마사지샵'),
(145, 'thirty1', '요가 리트릿'),
(146, 'thirty1', '명상원'),
(147, 'thirty1', '템플스테이'),
(148, 'thirty1', '럭셔리 호텔'),
(149, 'thirty1', '프라이빗 풀빌라'),
(150, 'thirty1', '독채 숙소');

-- thirty2의 검색 기록 (151-160)
INSERT INTO keywordhistories (history_id, user_id, keyword) VALUES
(151, 'thirty2', '와이너리 투어'),
(152, 'thirty2', '미슐랭 맛집'),
(153, 'thirty2', '파인다이닝'),
(154, 'thirty2', '티하우스'),
(155, 'thirty2', '레스토랑 추천'),
(156, 'thirty2', '디저트 카페'),
(157, 'thirty2', '오마카세'),
(158, 'thirty2', '프랑스 음식'),
(159, 'thirty2', '이탈리안 레스토랑'),
(160, 'thirty2', '스시 오마카세');

-- 40대 사용자들의 검색 기록
-- forty1의 검색 기록 (161-170)
INSERT INTO keywordhistories (history_id, user_id, keyword) VALUES
(161, 'forty1', '골프장 예약'),
(162, 'forty1', '골프 리조트'),
(163, 'forty1', '골프 패키지'),
(164, 'forty1', '골프 회원권'),
(165, 'forty1', '골프장 맛집'),
(166, 'forty1', '골프 숙박'),
(167, 'forty1', '해외 골프투어'),
(168, 'forty1', '골프 렌탈'),
(169, 'forty1', '골프장 추천'),
(170, 'forty1', '골프 동호회');

-- forty2의 검색 기록 (171-180)
INSERT INTO keywordhistories (history_id, user_id, keyword) VALUES
(171, 'forty2', '등산 코스'),
(172, 'forty2', '트레킹 장비'),
(173, 'forty2', '산악회 모임'),
(174, 'forty2', '백패킹 코스'),
(175, 'forty2', '산악 자전거'),
(176, 'forty2', '산림욕장'),
(177, 'forty2', '둘레길 추천'),
(178, 'forty2', '명산 투어'),
(179, 'forty2', '산행 일정'),
(180, 'forty2', '산악 맛집');

-- 50대 사용자들의 검색 기록
-- fifty1의 검색 기록 (181-190)
INSERT INTO keywordhistories (history_id, user_id, keyword) VALUES
(181, 'fifty1', '온천 여행'),
(182, 'fifty1', '황토찜질방'),
(183, 'fifty1', '웰니스 리조트'),
(184, 'fifty1', '치유의숲'),
(185, 'fifty1', '힐링 명소'),
(186, 'fifty1', '약산 투어'),
(187, 'fifty1', '한방 체험'),
(188, 'fifty1', '건강 여행'),
(189, 'fifty1', '휴양림 예약'),
(190, 'fifty1', '산림 치유');

-- fifty2의 검색 기록 (191-200)
INSERT INTO keywordhistories (history_id, user_id, keyword) VALUES
(191, 'fifty2', '사찰 순례'),
(192, 'fifty2', '전통 사찰'),
(193, 'fifty2', '불교 문화재'),
(194, 'fifty2', '전통 문화'),
(195, 'fifty2', '한옥 체험'),
(196, 'fifty2', '전통 시장'),
(197, 'fifty2', '민속 마을'),
(198, 'fifty2', '고궁 투어'),
(199, 'fifty2', '문화재 답사'),
(200, 'fifty2', '역사 유적지');

-- 60대 사용자들의 검색 기록
-- sixty1의 검색 기록 (201-210)
INSERT INTO keywordhistories (history_id, user_id, keyword) VALUES
(201, 'sixty1', '효도관광'),
(202, 'sixty1', '실버여행'),
(203, 'sixty1', '무장애 여행'),
(204, 'sixty1', '편한 여행'),
(205, 'sixty1', '휠체어 여행'),
(206, 'sixty1', '노인 친화 관광'),
(207, 'sixty1', '실버 패키지'),
(208, 'sixty1', '요양 여행'),
(209, 'sixty1', '장수촌 여행'),
(210, 'sixty1', '건강 관광');

-- sixty2의 검색 기록 (211-220)
INSERT INTO keywordhistories (history_id, user_id, keyword) VALUES
(211, 'sixty2', '수목원 관람'),
(212, 'sixty2', '공원 산책'),
(213, 'sixty2', '꽃구경 명소'),
(214, 'sixty2', '식물원 투어'),
(215, 'sixty2', '정원 여행'),
(216, 'sixty2', '국립공원'),
(217, 'sixty2', '봄꽃 축제'),
(218, 'sixty2', '단풍 명소'),
(219, 'sixty2', '생태공원'),
(220, 'sixty2', '자연학습장');

-- young3의 검색 기록 (221-230)
INSERT INTO keywordhistories (history_id, user_id, keyword) VALUES
(221, 'young3', '워케이션 장소'),
(222, 'young3', '카페 노마드'),
(223, 'young3', '코워킹 스페이스'),
(224, 'young3', '디지털노마드'),
(225, 'young3', '프리랜서 카페'),
(226, 'young3', '스터디카페 월패스'),
(227, 'young3', '공유오피스'),
(228, 'young3', '북카페 추천'),
(229, 'young3', '24시간 카페'),
(230, 'young3', '무인카페');

-- young4의 검색 기록 (231-240)
INSERT INTO keywordhistories (history_id, user_id, keyword) VALUES
(231, 'young4', '서핑 스팟'),
(232, 'young4', '양양 서핑'),
(233, 'young4', '서핑 숙소'),
(234, 'young4', '서핑 강습'),
(235, 'young4', '부산 서핑'),
(236, 'young4', '서핑 장비대여'),
(237, 'young4', '서핑 패키지'),
(238, 'young4', '서핑 초급'),
(239, 'young4', '서핑 카페'),
(240, 'young4', '서핑 동호회');

-- young5의 검색 기록 (241-250)
INSERT INTO keywordhistories (history_id, user_id, keyword) VALUES
(241, 'young5', '백패킹 여행'),
(242, 'young5', '유럽 배낭여행'),
(243, 'young5', '동남아 여행'),
(244, 'young5', '배낭여행 준비물'),
(245, 'young5', '해외 게스트하우스'),
(246, 'young5', '배낭여행 코스'),
(247, 'young5', '여행자보험'),
(248, 'young5', '워홀 준비'),
(249, 'young5', '해외여행 필수품'),
(250, 'young5', '여행 장비');

-- thirty3의 검색 기록 (251-260)
INSERT INTO keywordhistories (history_id, user_id, keyword) VALUES
(251, 'thirty3', '키즈카페 추천'),
(252, 'thirty3', '가족호텔'),
(253, 'thirty3', '키즈풀빌라'),
(254, 'thirty3', '어린이 놀이시설'),
(255, 'thirty3', '가족 여행지'),
(256, 'thirty3', '애견동반 숙소'),
(257, 'thirty3', '키즈 레스토랑'),
(258, 'thirty3', '가족 펜션'),
(259, 'thirty3', '실내놀이터'),
(260, 'thirty3', '어린이 체험');

-- thirty4의 검색 기록 (261-270)
INSERT INTO keywordhistories (history_id, user_id, keyword) VALUES
(261, 'thirty4', '테니스장 예약'),
(262, 'thirty4', '테니스 레슨'),
(263, 'thirty4', '실내 테니스장'),
(264, 'thirty4', '테니스 동호회'),
(265, 'thirty4', '테니스 용품'),
(266, 'thirty4', '테니스 코트'),
(267, 'thirty4', '테니스 숙박'),
(268, 'thirty4', '테니스 대회'),
(269, 'thirty4', '테니스 클럽'),
(270, 'thirty4', '테니스 투어');

-- thirty5의 검색 기록 (271-280)
INSERT INTO keywordhistories (history_id, user_id, keyword) VALUES
(271, 'thirty5', '펫 호텔'),
(272, 'thirty5', '반려동물 동반여행'),
(273, 'thirty5', '애견 카페'),
(274, 'thirty5', '반려동물 놀이터'),
(275, 'thirty5', '애견 펜션'),
(276, 'thirty5', '반려견 수영장'),
(277, 'thirty5', '애견 동반 식당'),
(278, 'thirty5', '반려동물 캠핑'),
(279, 'thirty5', '애견 유치원'),
(280, 'thirty5', '반려견 운동장');

-- forty3의 검색 기록 (281-290)
INSERT INTO keywordhistories (history_id, user_id, keyword) VALUES
(281, 'forty3', '낚시터 추천'),
(282, 'forty3', '바다낚시'),
(283, 'forty3', '낚시 배'),
(284, 'forty3', '낚시 포인트'),
(285, 'forty3', '낚시 용품'),
(286, 'forty3', '선상 낚시'),
(287, 'forty3', '낚시 숙소'),
(288, 'forty3', '낚시 체험'),
(289, 'forty3', '낚시 투어'),
(290, 'forty3', '낚시 캠핑');

-- forty4의 검색 기록 (291-300)
INSERT INTO keywordhistories (history_id, user_id, keyword) VALUES
(291, 'forty4', '와인 시음회'),
(292, 'forty4', '와이너리'),
(293, 'forty4', '와인 바'),
(294, 'forty4', '와인 투어'),
(295, 'forty4', '와인 강좌'),
(296, 'forty4', '와인 페어링'),
(297, 'forty4', '와인 샵'),
(298, 'forty4', '와인 모임'),
(299, 'forty4', '와인 디너'),
(300, 'forty4', '와인 축제');

-- forty5의 검색 기록 (301-310)
INSERT INTO keywordhistories (history_id, user_id, keyword) VALUES
(301, 'forty5', '요트 투어'),
(302, 'forty5', '요트 대여'),
(303, 'forty5', '요트 클럽'),
(304, 'forty5', '요트 파티'),
(305, 'forty5', '요트 체험'),
(306, 'forty5', '요트 면허'),
(307, 'forty5', '요트 여행'),
(308, 'forty5', '요트 낚시'),
(309, 'forty5', '요트 데이트'),
(310, 'forty5', '요트 강습');

-- fifty3의 검색 기록 (311-320)
INSERT INTO keywordhistories (history_id, user_id, keyword) VALUES
(311, 'fifty3', '한방 체험'),
(312, 'fifty3', '약선 요리'),
(313, 'fifty3', '한의원 추천'),
(314, 'fifty3', '약초 여행'),
(315, 'fifty3', '건강검진 패키지'),
(316, 'fifty3', '한방 스파'),
(317, 'fifty3', '건강 식당'),
(318, 'fifty3', '약초 다방'),
(319, 'fifty3', '한방 카페'),
(320, 'fifty3', '건강 투어');

-- fifty4의 검색 기록 (321-330)
INSERT INTO keywordhistories (history_id, user_id, keyword) VALUES
(321, 'fifty4', '평생교육원'),
(322, 'fifty4', '문화센터 강좌'),
(323, 'fifty4', '취미 교실'),
(324, 'fifty4', '실버 교육'),
(325, 'fifty4', '교양 강좌'),
(326, 'fifty4', '악기 교실'),
(327, 'fifty4', '공예 수업'),
(328, 'fifty4', '어학 강좌'),
(329, 'fifty4', '그림 교실'),
(330, 'fifty4', '서예 강습');

-- fifty5의 검색 기록 (331-340)
INSERT INTO keywordhistories (history_id, user_id, keyword) VALUES
(331, 'fifty5', '전통시장 투어'),
(332, 'fifty5', '재래시장 맛집'),
(333, 'fifty5', '시장 구경'),
(334, 'fifty5', '전통 장터'),
(335, 'fifty5', '시장 축제'),
(336, 'fifty5', '야시장'),
(337, 'fifty5', '오일장'),
(338, 'fifty5', '장터 투어'),
(339, 'fifty5', '시장 체험'),
(340, 'fifty5', '전통 장보기');

-- sixty3의 검색 기록 (341-350)
INSERT INTO keywordhistories (history_id, user_id, keyword) VALUES
(341, 'sixty3', '실버타운 견학'),
(342, 'sixty3', '요양원 관람'),
(343, 'sixty3', '노인복지관'),
(344, 'sixty3', '실버케어'),
(345, 'sixty3', '노인회관'),
(346, 'sixty3', '실버문화센터'),
(347, 'sixty3', '노인대학'),
(348, 'sixty3', '노인회 여행'),
(349, 'sixty3', '실버케어 시설'),
(350, 'sixty3', '노인복지 여행');

-- sixty4의 검색 기록 (351-360)
INSERT INTO keywordhistories (history_id, user_id, keyword) VALUES
(351, 'sixty4', '게이트볼장'),
(352, 'sixty4', '파크골프장'),
(353, 'sixty4', '실버스포츠'),
(354, 'sixty4', '노인운동'),
(355, 'sixty4', '게이트볼 대회'),
(356, 'sixty4', '실버체육관'),
(357, 'sixty4', '노인체육'),
(358, 'sixty4', '게이트볼 모임'),
(359, 'sixty4', '파크골프 동호회'),
(360, 'sixty4', '실버운동장');

-- sixty5의 검색 기록 (361-370)
INSERT INTO keywordhistories (history_id, user_id, keyword) VALUES
(361, 'sixty5', '봄나들이 코스'),
(362, 'sixty5', '산책로 추천'),
(363, 'sixty5', '도시숲 공원'),
(364, 'sixty5', '휴양림 산책'),
(365, 'sixty5', '공원 벤치'),
(366, 'sixty5', '자연친화 여행'),
(367, 'sixty5', '도심 걷기'),
(368, 'sixty5', '공원 탐방'),
(369, 'sixty5', '산책 명소'),
(370, 'sixty5', '자연학습원');



